{
  "Docking": {
    "Data": []
  },
  "MainWindow": {
    "GLOBAL": {
      "fps": "120",
      "height": "900",
      "maximized": "0",
      "style": "2",
      "userScale": "2",
      "width": "1600",
      "xpos": "125",
      "ypos": "57"
    }
  },
  "Window": {
    "###FMS": {
      "Collapsed": "0",
      "Pos": "6,675",
      "Size": "32,38"
    },
    "###Joysticks": {
      "Collapsed": "0",
      "Pos": "312,581",
      "Size": "32,38"
    },
    "###NetworkTables": {
      "Collapsed": "0",
      "Pos": "312,346",
      "Size": "937,231"
    },
    "###Other Devices": {
      "Collapsed": "0",
      "Pos": "1281,25",
      "Size": "312,868"
    },
    "###RoboRIO": {
      "Collapsed": "0",
      "Pos": "5,125",
      "Size": "141,164"
    },
    "###System Joysticks": {
      "Collapsed": "0",
      "Pos": "6,437",
      "Size": "32,38"
    },
    "###Timing": {
      "Collapsed": "0",
      "Pos": "6,187",
      "Size": "32,38"
    },
    "Debug##Default": {
      "Collapsed": "0",
      "Pos": "60,60",
      "Size": "400,400"
    },
    "Robot State": {
      "Collapsed": "0",
      "Pos": "5,20",
      "Size": "32,38"
    }
  }
}
